{"v":"5.1.18","fr":25,"ip":0,"op":18,"w":500,"h":500,"nm":"Unlock 2","ddd":0,"assets":[],"layers":[{"ddd":0,"ind":1,"ty":4,"nm":"Shape Layer 1","sr":1,"ks":{"o":{"a":0,"k":100,"ix":11},"r":{"a":0,"k":0,"ix":10},"p":{"a":0,"k":[250,310,0],"ix":2},"a":{"a":0,"k":[0,0,0],"ix":1},"s":{"a":0,"k":[100,100,100],"ix":6}},"ao":0,"shapes":[{"ty":"gr","it":[{"ind":0,"ty":"sh","ix":1,"ks":{"a":0,"k":{"i":[[11.5,0],[9.75,0],[0,-10.5],[0,-6.25],[-10.25,0],[-6.75,0],[0,11.25],[0,4]],"o":[[-4,0],[-11.25,0],[0,3.75],[0,10.75],[3.25,0],[11,0],[0,-3.5],[0,-10.5]],"v":[[22,-65],[-87.75,-65],[-105,-48.5],[-105,40],[-87.75,57],[22,57],[40,40],[40,-48.5]],"c":true},"ix":2},"nm":"Path 1","mn":"ADBE Vector Shape - Group","hd":false},{"ty":"fl","c":{"a":1,"k":[{"i":{"x":[0.667],"y":[1]},"o":{"x":[0.333],"y":[0]},"n":["0p667_1_0p333_0"],"t":4,"s":[0.992156862745,0.192156862745,0.21568627451,1],"e":[0.015686275437,0.972549021244,0.443137258291,1]},{"t":16}],"ix":4},"o":{"a":0,"k":100,"ix":5},"r":1,"nm":"Fill 1","mn":"ADBE Vector Graphic - Fill","hd":false},{"ty":"tr","p":{"a":0,"k":[43,5],"ix":2},"a":{"a":0,"k":[0,0],"ix":1},"s":{"a":0,"k":[134.286,134.286],"ix":3},"r":{"a":0,"k":0,"ix":6},"o":{"a":0,"k":100,"ix":7},"sk":{"a":0,"k":0,"ix":4},"sa":{"a":0,"k":0,"ix":5},"nm":"Transform"}],"nm":"Shape 1","np":3,"cix":2,"ix":1,"mn":"ADBE Vector Group","hd":false},{"ty":"gr","it":[{"ind":0,"ty":"sh","ix":1,"ks":{"a":1,"k":[{"i":{"x":0.667,"y":1},"o":{"x":0.167,"y":0.167},"n":"0p667_1_0p167_0p167","t":0,"s":[{"i":[[0,0],[0,13],[28.5,0],[0,-13.5],[0,0]],"o":[[0,0],[0,-13],[-28.5,0],[0,13.5],[0,0]],"v":[[14,-64.814],[14,-114.5],[-32.5,-153],[-78.5,-114.5],[-78.5,-64.814]],"c":false}],"e":[{"i":[[0,0],[0,13],[28.5,0],[0,-13.5],[0,0]],"o":[[0,0],[0,-13],[-28.5,0],[0,13.5],[0,0]],"v":[[14,-64.814],[14,-129.394],[-32.5,-167.894],[-78.5,-129.394],[-78.5,-79.707]],"c":false}]},{"i":{"x":0.667,"y":1},"o":{"x":0.333,"y":0},"n":"0p667_1_0p333_0","t":2,"s":[{"i":[[0,0],[0,13],[28.5,0],[0,-13.5],[0,0]],"o":[[0,0],[0,-13],[-28.5,0],[0,13.5],[0,0]],"v":[[14,-64.814],[14,-129.394],[-32.5,-167.894],[-78.5,-129.394],[-78.5,-79.707]],"c":false}],"e":[{"i":[[0,0],[0,13],[28.5,0],[0,-13.5],[0,0]],"o":[[0,0],[0,-13],[-28.5,0],[0,13.5],[0,0]],"v":[[14,-64.814],[14,-129.394],[-32.5,-167.894],[-78.5,-129.394],[-78.5,-79.707]],"c":false}]},{"i":{"x":0.833,"y":0.833},"o":{"x":0.333,"y":0},"n":"0p833_0p833_0p333_0","t":4,"s":[{"i":[[0,0],[0,13],[28.5,0],[0,-13.5],[0,0]],"o":[[0,0],[0,-13],[-28.5,0],[0,13.5],[0,0]],"v":[[14,-64.814],[14,-129.394],[-32.5,-167.894],[-78.5,-129.394],[-78.5,-79.707]],"c":false}],"e":[{"i":[[0,0],[0,13],[-0.08,0.154],[0,-13.5],[0,0]],"o":[[0,0],[0,-13],[-0.08,-0.218],[0,13.5],[0,0]],"v":[[14,-64.814],[14,-129.207],[13.856,-167.707],[13.84,-129.207],[14.166,-79.521]],"c":false}]},{"i":{"x":0.667,"y":1},"o":{"x":0.167,"y":0.167},"n":"0p667_1_0p167_0p167","t":10,"s":[{"i":[[0,0],[0,13],[-0.08,0.154],[0,-13.5],[0,0]],"o":[[0,0],[0,-13],[-0.08,-0.218],[0,13.5],[0,0]],"v":[[14,-64.814],[14,-129.207],[13.856,-167.707],[13.84,-129.207],[14.166,-79.521]],"c":false}],"e":[{"i":[[0,0],[0,13],[-29.681,-0.032],[0,-13.5],[0,0]],"o":[[0,0],[0,-13],[28.032,0.03],[0,13.5],[0,0]],"v":[[14,-64.814],[14,-129.394],[60.213,-167.894],[106.181,-129.394],[106.181,-79.707]],"c":false}]},{"t":16}],"ix":2},"nm":"Path 1","mn":"ADBE Vector Shape - Group","hd":false},{"ty":"st","c":{"a":1,"k":[{"i":{"x":[0.667],"y":[1]},"o":{"x":[0.333],"y":[0]},"n":["0p667_1_0p333_0"],"t":4,"s":[0.992156862745,0.192156862745,0.21568627451,1],"e":[0.015686275437,0.972549021244,0.443137258291,1]},{"t":16}],"ix":3},"o":{"a":0,"k":100,"ix":4},"w":{"a":0,"k":19,"ix":5},"lc":2,"lj":1,"ml":4,"nm":"Stroke 1","mn":"ADBE Vector Graphic - Stroke","hd":false},{"ty":"tr","p":{"a":0,"k":[43,5],"ix":2},"a":{"a":0,"k":[0,0],"ix":1},"s":{"a":0,"k":[134.286,134.286],"ix":3},"r":{"a":0,"k":0,"ix":6},"o":{"a":0,"k":100,"ix":7},"sk":{"a":0,"k":0,"ix":4},"sa":{"a":0,"k":0,"ix":5},"nm":"Transform"}],"nm":"Shape 2","np":3,"cix":2,"ix":2,"mn":"ADBE Vector Group","hd":false}],"ip":0,"op":625,"st":0,"bm":0}],"markers":[]}